-- phpMyAdmin SQL Dump
-- version 5.0.2
-- https://www.phpmyadmin.net/
--
-- Servidor: localhost
-- Tiempo de generación: 22-10-2020 a las 19:05:05
-- Versión del servidor: 5.7.31-0ubuntu0.18.04.1
-- Versión de PHP: 7.2.24-0ubuntu0.18.04.7

SET SQL_MODE = "NO_AUTO_VALUE_ON_ZERO";
START TRANSACTION;
SET time_zone = "+00:00";


/*!40101 SET @OLD_CHARACTER_SET_CLIENT=@@CHARACTER_SET_CLIENT */;
/*!40101 SET @OLD_CHARACTER_SET_RESULTS=@@CHARACTER_SET_RESULTS */;
/*!40101 SET @OLD_COLLATION_CONNECTION=@@COLLATION_CONNECTION */;
/*!40101 SET NAMES utf8mb4 */;

--
-- Base de datos: `ams`
--
CREATE DATABASE IF NOT EXISTS `ams` DEFAULT CHARACTER SET utf8 COLLATE utf8_general_ci;
USE `ams`;

-- --------------------------------------------------------

--
-- Estructura de tabla para la tabla `tblbranch`
--

DROP TABLE IF EXISTS `tblbranch`;
CREATE TABLE IF NOT EXISTS `tblbranch` (
  `branch_id` int(11) NOT NULL AUTO_INCREMENT,
  `branch_name` varchar(100) COLLATE utf8_unicode_ci NOT NULL,
  `b_email` varchar(50) COLLATE utf8_unicode_ci NOT NULL,
  `b_contact_no` int(15) NOT NULL,
  `b_address` varchar(100) COLLATE utf8_unicode_ci NOT NULL,
  `security_guard_mobile` varchar(25) COLLATE utf8_unicode_ci DEFAULT NULL,
  `secrataty_mobile` varchar(25) COLLATE utf8_unicode_ci DEFAULT NULL,
  `moderator_mobile` varchar(25) COLLATE utf8_unicode_ci DEFAULT NULL,
  `building_make_year` varchar(25) COLLATE utf8_unicode_ci DEFAULT NULL,
  `building_image` varchar(250) COLLATE utf8_unicode_ci DEFAULT NULL,
  `b_status` tinyint(4) NOT NULL DEFAULT '1',
  `builder_company_name` varchar(250) COLLATE utf8_unicode_ci DEFAULT NULL,
  `builder_company_phone` varchar(50) COLLATE utf8_unicode_ci DEFAULT NULL,
  `builder_company_address` varchar(1000) COLLATE utf8_unicode_ci DEFAULT NULL,
  `building_rule` text COLLATE utf8_unicode_ci,
  `created_date` timestamp NOT NULL DEFAULT CURRENT_TIMESTAMP,
  PRIMARY KEY (`branch_id`)
) ENGINE=InnoDB AUTO_INCREMENT=9 DEFAULT CHARSET=utf8 COLLATE=utf8_unicode_ci;

--
-- Volcado de datos para la tabla `tblbranch`
--

INSERT INTO `tblbranch` (`branch_id`, `branch_name`, `b_email`, `b_contact_no`, `b_address`, `security_guard_mobile`, `secrataty_mobile`, `moderator_mobile`, `building_make_year`, `building_image`, `b_status`, `builder_company_name`, `builder_company_phone`, `builder_company_address`, `building_rule`, `created_date`) VALUES(7, 'Silver Tower', 'mirpur.1@gmail.com', 1717445566, 'F-Block,Mirpur-1,Dhaka-1216', '+880167119889', '+880911909090', '+88090909090', '', 'E9EB1C1F-9D88-0FD8-CE34-92F3421FA31D.jpg', 1, 'Golden Developer Company', '+8850505050', 'Test Address\r\nUK', '<p style=\"text-align:center\"><span style=\"color:#e67e22\"><u><span style=\"font-size:36px\"><span style=\"font-family:Trebuchet MS,Helvetica,sans-serif\"><strong>Love Bird Building Rules</strong></span></span></u></span></p>\r\n\r\n<blockquote>\r\n<p><strong><span style=\"color:#16a085\"><span style=\"font-size:20px\">1) Gate Close 10 PM.</span></span></strong></p>\r\n</blockquote>\r\n\r\n<blockquote>\r\n<p><strong><span style=\"color:#16a085\"><span style=\"font-size:20px\">2) New commer must be intruduce with guard.</span></span></strong></p>\r\n</blockquote>\r\n', '2016-06-22 09:50:30');
INSERT INTO `tblbranch` (`branch_id`, `branch_name`, `b_email`, `b_contact_no`, `b_address`, `security_guard_mobile`, `secrataty_mobile`, `moderator_mobile`, `building_make_year`, `building_image`, `b_status`, `builder_company_name`, `builder_company_phone`, `builder_company_address`, `building_rule`, `created_date`) VALUES(8, 'Golden Tower', 'opu@gmail.com', 1212121212, 'K-Block,Mirpur-10,Dhaka-1216', '+880167119889', '+880911909090', '+88090909090', '9', '6F7882BD-85CD-8D98-EDCA-1FF65F0BFABA.jpg', 1, 'Golden Developer Company', '+8850505050', 'test address\r\nUSA', '<p style=\"text-align:center\"><span style=\"color:#e67e22\"><u><span style=\"font-size:36px\"><span style=\"font-family:Trebuchet MS,Helvetica,sans-serif\"><strong>Love Bird Building Rules</strong></span></span></u></span></p>\r\n\r\n<blockquote>\r\n<p><strong><span style=\"color:#16a085\"><span style=\"font-size:20px\">1) Gate Close 10 PM.</span></span></strong></p>\r\n</blockquote>\r\n\r\n<blockquote>\r\n<p><strong><span style=\"color:#16a085\"><span style=\"font-size:20px\">2) New commer must be intruduce with guard.</span></span></strong></p>\r\n</blockquote>\r\n', '2016-06-22 10:23:45');

-- --------------------------------------------------------

--
-- Estructura de tabla para la tabla `tblsuper_admin`
--

DROP TABLE IF EXISTS `tblsuper_admin`;
CREATE TABLE IF NOT EXISTS `tblsuper_admin` (
  `user_id` int(11) NOT NULL AUTO_INCREMENT,
  `name` varchar(200) COLLATE utf8_unicode_ci NOT NULL,
  `email` varchar(300) COLLATE utf8_unicode_ci NOT NULL,
  `contact` varchar(100) CHARACTER SET utf8 DEFAULT NULL,
  `password` varchar(100) CHARACTER SET utf8 DEFAULT NULL,
  `added_date` timestamp NOT NULL DEFAULT CURRENT_TIMESTAMP,
  PRIMARY KEY (`user_id`)
) ENGINE=InnoDB AUTO_INCREMENT=2 DEFAULT CHARSET=utf8 COLLATE=utf8_unicode_ci;

--
-- Volcado de datos para la tabla `tblsuper_admin`
--

INSERT INTO `tblsuper_admin` (`user_id`, `name`, `email`, `contact`, `password`, `added_date`) VALUES(1, 'juan perez', 'devsolver@gmail.com', '81234589', 'MTIzNDU2', '2015-06-29 06:15:29');

-- --------------------------------------------------------

--
-- Estructura de tabla para la tabla `tbl_add_admin`
--

DROP TABLE IF EXISTS `tbl_add_admin`;
CREATE TABLE IF NOT EXISTS `tbl_add_admin` (
  `aid` int(11) NOT NULL AUTO_INCREMENT,
  `name` varchar(200) NOT NULL,
  `email` varchar(200) NOT NULL,
  `contact` varchar(100) DEFAULT NULL,
  `password` varchar(100) NOT NULL,
  `image` varchar(250) NOT NULL,
  `branch_id` int(11) NOT NULL,
  `added_date` timestamp NOT NULL DEFAULT CURRENT_TIMESTAMP,
  PRIMARY KEY (`aid`)
) ENGINE=InnoDB AUTO_INCREMENT=8 DEFAULT CHARSET=utf8;

--
-- Volcado de datos para la tabla `tbl_add_admin`
--

INSERT INTO `tbl_add_admin` (`aid`, `name`, `email`, `contact`, `password`, `image`, `branch_id`, `added_date`) VALUES(7, 'Tony', 'tony@yahoo.com', '+8801679110711', 'MTIzNDU2', 'B7962E98-0550-407D-01A7-3C088DCCD2EF.jpg', 8, '2019-08-27 04:45:27');

-- --------------------------------------------------------

--
-- Estructura de tabla para la tabla `tbl_add_bill`
--

DROP TABLE IF EXISTS `tbl_add_bill`;
CREATE TABLE IF NOT EXISTS `tbl_add_bill` (
  `bill_id` int(11) NOT NULL AUTO_INCREMENT,
  `bill_type` varchar(200) NOT NULL,
  `bill_date` varchar(200) NOT NULL,
  `bill_month` int(11) NOT NULL,
  `bill_year` int(11) NOT NULL,
  `total_amount` decimal(15,2) NOT NULL DEFAULT '0.00',
  `deposit_bank_name` varchar(200) NOT NULL,
  `bill_details` varchar(200) NOT NULL,
  `branch_id` int(11) NOT NULL,
  `added_date` timestamp NOT NULL DEFAULT CURRENT_TIMESTAMP,
  PRIMARY KEY (`bill_id`)
) ENGINE=InnoDB AUTO_INCREMENT=15 DEFAULT CHARSET=utf8;

--
-- Volcado de datos para la tabla `tbl_add_bill`
--

INSERT INTO `tbl_add_bill` (`bill_id`, `bill_type`, `bill_date`, `bill_month`, `bill_year`, `total_amount`, `deposit_bank_name`, `bill_details`, `branch_id`, `added_date`) VALUES(14, '4', '27/08/2019', 8, 11, '5000.00', 'DBBL', 'purfect', 8, '2019-08-27 04:37:27');

-- --------------------------------------------------------

--
-- Estructura de tabla para la tabla `tbl_add_bill_type`
--

DROP TABLE IF EXISTS `tbl_add_bill_type`;
CREATE TABLE IF NOT EXISTS `tbl_add_bill_type` (
  `bt_id` int(11) NOT NULL AUTO_INCREMENT,
  `bill_type` varchar(200) NOT NULL,
  `added_date` timestamp NOT NULL DEFAULT CURRENT_TIMESTAMP,
  PRIMARY KEY (`bt_id`)
) ENGINE=InnoDB AUTO_INCREMENT=5 DEFAULT CHARSET=utf8;

--
-- Volcado de datos para la tabla `tbl_add_bill_type`
--

INSERT INTO `tbl_add_bill_type` (`bt_id`, `bill_type`, `added_date`) VALUES(1, 'Gas', '2016-05-05 09:49:35');
INSERT INTO `tbl_add_bill_type` (`bt_id`, `bill_type`, `added_date`) VALUES(3, 'Water', '2016-05-05 09:50:39');
INSERT INTO `tbl_add_bill_type` (`bt_id`, `bill_type`, `added_date`) VALUES(4, 'ElÃ©ctrica', '2016-05-05 09:50:51');

-- --------------------------------------------------------

--
-- Estructura de tabla para la tabla `tbl_add_builder_info`
--

DROP TABLE IF EXISTS `tbl_add_builder_info`;
CREATE TABLE IF NOT EXISTS `tbl_add_builder_info` (
  `bldrid` int(11) NOT NULL AUTO_INCREMENT,
  `name` varchar(200) NOT NULL,
  `address` varchar(200) NOT NULL,
  `phone` varchar(200) NOT NULL,
  `added_date` timestamp NOT NULL DEFAULT CURRENT_TIMESTAMP,
  PRIMARY KEY (`bldrid`)
) ENGINE=InnoDB DEFAULT CHARSET=utf8;

-- --------------------------------------------------------

--
-- Estructura de tabla para la tabla `tbl_add_building_info`
--

DROP TABLE IF EXISTS `tbl_add_building_info`;
CREATE TABLE IF NOT EXISTS `tbl_add_building_info` (
  `bldid` int(11) NOT NULL AUTO_INCREMENT,
  `name` varchar(200) NOT NULL,
  `address` varchar(200) NOT NULL,
  `security_guard_mobile` varchar(200) NOT NULL,
  `secrataty_mobile` varchar(200) NOT NULL,
  `moderator_mobile` varchar(200) NOT NULL,
  `building_make_year` varchar(200) NOT NULL,
  `b_name` varchar(200) NOT NULL,
  `b_address` varchar(200) NOT NULL,
  `b_phone` varchar(200) NOT NULL,
  `building_image` varchar(200) NOT NULL,
  `building_rules` text NOT NULL,
  `branch_id` int(11) NOT NULL,
  `added_date` timestamp NOT NULL DEFAULT CURRENT_TIMESTAMP,
  PRIMARY KEY (`bldid`)
) ENGINE=InnoDB DEFAULT CHARSET=utf8;

-- --------------------------------------------------------

--
-- Estructura de tabla para la tabla `tbl_add_complain`
--

DROP TABLE IF EXISTS `tbl_add_complain`;
CREATE TABLE IF NOT EXISTS `tbl_add_complain` (
  `complain_id` int(11) NOT NULL AUTO_INCREMENT,
  `c_title` varchar(200) NOT NULL,
  `c_description` varchar(1000) NOT NULL,
  `c_date` varchar(200) NOT NULL,
  `c_month` varchar(50) NOT NULL,
  `c_year` varchar(50) NOT NULL,
  `c_userid` int(11) NOT NULL,
  `branch_id` int(11) NOT NULL,
  `job_status` int(1) NOT NULL DEFAULT '0',
  `assign_employee_id` int(11) DEFAULT '0',
  `solution` varchar(500) NOT NULL,
  `complain_by` varchar(100) DEFAULT NULL,
  `person_name` varchar(250) DEFAULT NULL,
  `person_email` varchar(100) DEFAULT NULL,
  `person_contact` varchar(50) DEFAULT NULL,
  `added_date` timestamp NOT NULL DEFAULT CURRENT_TIMESTAMP,
  PRIMARY KEY (`complain_id`)
) ENGINE=InnoDB AUTO_INCREMENT=39 DEFAULT CHARSET=utf8;

--
-- Volcado de datos para la tabla `tbl_add_complain`
--

INSERT INTO `tbl_add_complain` (`complain_id`, `c_title`, `c_description`, `c_date`, `c_month`, `c_year`, `c_userid`, `branch_id`, `job_status`, `assign_employee_id`, `solution`, `complain_by`, `person_name`, `person_email`, `person_contact`, `added_date`) VALUES(35, 'Water Problem', 'We need to solve water issue soon.', '27/08/2019', '8', '2019', 0, 8, 2, 12, '', NULL, NULL, NULL, NULL, '2019-08-27 04:38:09');
INSERT INTO `tbl_add_complain` (`complain_id`, `c_title`, `c_description`, `c_date`, `c_month`, `c_year`, `c_userid`, `branch_id`, `job_status`, `assign_employee_id`, `solution`, `complain_by`, `person_name`, `person_email`, `person_contact`, `added_date`) VALUES(37, 'Gghh', 'Ccggg', '19/10/2020', '10', '2020', 20, 8, 0, 0, 'luz', 'tenant', 'Jim Cary', 'jimcary@yahoo.com', '+8801679110711', '2020-10-19 20:21:08');

-- --------------------------------------------------------

--
-- Estructura de tabla para la tabla `tbl_add_employee`
--

DROP TABLE IF EXISTS `tbl_add_employee`;
CREATE TABLE IF NOT EXISTS `tbl_add_employee` (
  `eid` int(11) NOT NULL AUTO_INCREMENT,
  `e_name` varchar(200) NOT NULL,
  `e_email` varchar(200) NOT NULL,
  `e_contact` varchar(200) NOT NULL,
  `e_pre_address` varchar(200) NOT NULL,
  `e_per_address` varchar(200) NOT NULL,
  `e_nid` varchar(200) NOT NULL,
  `e_designation` int(11) NOT NULL,
  `e_date` varchar(200) NOT NULL,
  `ending_date` varchar(200) NOT NULL,
  `e_status` int(1) NOT NULL DEFAULT '0',
  `e_password` varchar(100) NOT NULL,
  `image` varchar(200) NOT NULL,
  `branch_id` int(11) NOT NULL,
  `salary` decimal(15,2) NOT NULL DEFAULT '0.00',
  `added_date` timestamp NOT NULL DEFAULT CURRENT_TIMESTAMP,
  PRIMARY KEY (`eid`)
) ENGINE=InnoDB AUTO_INCREMENT=13 DEFAULT CHARSET=utf8;

--
-- Volcado de datos para la tabla `tbl_add_employee`
--

INSERT INTO `tbl_add_employee` (`eid`, `e_name`, `e_email`, `e_contact`, `e_pre_address`, `e_per_address`, `e_nid`, `e_designation`, `e_date`, `ending_date`, `e_status`, `e_password`, `image`, `branch_id`, `salary`, `added_date`) VALUES(12, 'John Sina', 'johnsina@gmail.com', '+8801679110711', '799 Princess Drive\r\nNorwood, MA 02062', '799 Princess Drive\r\nNorwood, MA 02062', '343434-909090-1212121', 5, '01/09/2019', '', 1, 'MTIzNDU2', '82F6AE8B-7DF6-E937-6095-101FC0BB66A3.jpg', 8, '8000.00', '2019-08-26 19:35:52');

-- --------------------------------------------------------

--
-- Estructura de tabla para la tabla `tbl_add_employee_salary_setup`
--

DROP TABLE IF EXISTS `tbl_add_employee_salary_setup`;
CREATE TABLE IF NOT EXISTS `tbl_add_employee_salary_setup` (
  `emp_id` int(11) NOT NULL AUTO_INCREMENT,
  `emp_name` varchar(200) NOT NULL,
  `designation` varchar(200) NOT NULL,
  `month_id` int(11) NOT NULL,
  `xyear` int(11) NOT NULL,
  `amount` decimal(15,2) NOT NULL DEFAULT '0.00',
  `issue_date` varchar(200) NOT NULL,
  `branch_id` int(11) NOT NULL,
  `added_date` timestamp NOT NULL DEFAULT CURRENT_TIMESTAMP,
  PRIMARY KEY (`emp_id`)
) ENGINE=InnoDB AUTO_INCREMENT=20 DEFAULT CHARSET=utf8;

--
-- Volcado de datos para la tabla `tbl_add_employee_salary_setup`
--

INSERT INTO `tbl_add_employee_salary_setup` (`emp_id`, `emp_name`, `designation`, `month_id`, `xyear`, `amount`, `issue_date`, `branch_id`, `added_date`) VALUES(19, '12', 'Security Gard', 8, 11, '8000.00', '05/09/2019', 8, '2019-08-26 19:36:26');

-- --------------------------------------------------------

--
-- Estructura de tabla para la tabla `tbl_add_fair`
--

DROP TABLE IF EXISTS `tbl_add_fair`;
CREATE TABLE IF NOT EXISTS `tbl_add_fair` (
  `f_id` int(11) NOT NULL AUTO_INCREMENT,
  `type` varchar(200) NOT NULL,
  `floor_no` varchar(200) NOT NULL,
  `unit_no` varchar(200) NOT NULL,
  `rid` int(11) NOT NULL DEFAULT '0',
  `month_id` int(11) NOT NULL,
  `xyear` varchar(200) NOT NULL,
  `rent` decimal(15,2) NOT NULL DEFAULT '0.00',
  `water_bill` decimal(15,2) NOT NULL DEFAULT '0.00',
  `electric_bill` decimal(15,2) NOT NULL DEFAULT '0.00',
  `gas_bill` decimal(15,2) NOT NULL DEFAULT '0.00',
  `security_bill` decimal(15,2) NOT NULL DEFAULT '0.00',
  `utility_bill` decimal(15,2) NOT NULL DEFAULT '0.00',
  `other_bill` decimal(15,2) NOT NULL DEFAULT '0.00',
  `total_rent` decimal(15,2) NOT NULL DEFAULT '0.00',
  `issue_date` varchar(200) NOT NULL,
  `paid_date` varchar(25) DEFAULT NULL,
  `branch_id` int(11) NOT NULL,
  `bill_status` tinyint(1) NOT NULL DEFAULT '0',
  `added_date` timestamp NOT NULL DEFAULT CURRENT_TIMESTAMP,
  PRIMARY KEY (`f_id`)
) ENGINE=InnoDB AUTO_INCREMENT=46 DEFAULT CHARSET=utf8;

--
-- Volcado de datos para la tabla `tbl_add_fair`
--

INSERT INTO `tbl_add_fair` (`f_id`, `type`, `floor_no`, `unit_no`, `rid`, `month_id`, `xyear`, `rent`, `water_bill`, `electric_bill`, `gas_bill`, `security_bill`, `utility_bill`, `other_bill`, `total_rent`, `issue_date`, `paid_date`, `branch_id`, `bill_status`, `added_date`) VALUES(44, 'Rented', '12', '30', 20, 9, '2019', '10000.00', '600.00', '700.00', '800.00', '900.00', '500.00', '0.00', '13500.00', '04/09/2019', '', 8, 0, '2019-08-27 19:26:08');
INSERT INTO `tbl_add_fair` (`f_id`, `type`, `floor_no`, `unit_no`, `rid`, `month_id`, `xyear`, `rent`, `water_bill`, `electric_bill`, `gas_bill`, `security_bill`, `utility_bill`, `other_bill`, `total_rent`, `issue_date`, `paid_date`, `branch_id`, `bill_status`, `added_date`) VALUES(45, 'Rented', '12', '30', 20, 1, '2019', '10000.00', '0.00', '0.00', '800.00', '900.00', '0.00', '0.00', '11700.00', '02/06/2020', '02/06/2020', 8, 0, '2020-06-02 16:43:48');

-- --------------------------------------------------------

--
-- Estructura de tabla para la tabla `tbl_add_floor`
--

DROP TABLE IF EXISTS `tbl_add_floor`;
CREATE TABLE IF NOT EXISTS `tbl_add_floor` (
  `fid` int(11) NOT NULL AUTO_INCREMENT,
  `floor_no` varchar(200) NOT NULL,
  `branch_id` int(11) NOT NULL,
  `added_date` timestamp NOT NULL DEFAULT CURRENT_TIMESTAMP,
  PRIMARY KEY (`fid`)
) ENGINE=InnoDB AUTO_INCREMENT=15 DEFAULT CHARSET=utf8;

--
-- Volcado de datos para la tabla `tbl_add_floor`
--

INSERT INTO `tbl_add_floor` (`fid`, `floor_no`, `branch_id`, `added_date`) VALUES(12, 'First Floor', 8, '2019-08-26 18:56:32');
INSERT INTO `tbl_add_floor` (`fid`, `floor_no`, `branch_id`, `added_date`) VALUES(13, 'Second Floor', 8, '2019-08-27 04:06:26');
INSERT INTO `tbl_add_floor` (`fid`, `floor_no`, `branch_id`, `added_date`) VALUES(14, '12', 8, '2020-05-13 00:30:45');

-- --------------------------------------------------------

--
-- Estructura de tabla para la tabla `tbl_add_fund`
--

DROP TABLE IF EXISTS `tbl_add_fund`;
CREATE TABLE IF NOT EXISTS `tbl_add_fund` (
  `fund_id` int(11) NOT NULL AUTO_INCREMENT,
  `owner_id` int(11) NOT NULL,
  `month_id` int(11) NOT NULL,
  `xyear` varchar(200) NOT NULL,
  `f_date` varchar(200) NOT NULL,
  `total_amount` decimal(15,2) NOT NULL DEFAULT '0.00',
  `purpose` varchar(400) NOT NULL,
  `branch_id` int(11) NOT NULL,
  `added_date` timestamp NOT NULL DEFAULT CURRENT_TIMESTAMP,
  PRIMARY KEY (`fund_id`)
) ENGINE=InnoDB AUTO_INCREMENT=14 DEFAULT CHARSET=utf8;

--
-- Volcado de datos para la tabla `tbl_add_fund`
--

INSERT INTO `tbl_add_fund` (`fund_id`, `owner_id`, `month_id`, `xyear`, `f_date`, `total_amount`, `purpose`, `branch_id`, `added_date`) VALUES(13, 19, 8, '11', '27/08/2019', '200.00', 'Monthly Fund', 8, '2019-08-27 04:34:37');

-- --------------------------------------------------------

--
-- Estructura de tabla para la tabla `tbl_add_maintenance_cost`
--

DROP TABLE IF EXISTS `tbl_add_maintenance_cost`;
CREATE TABLE IF NOT EXISTS `tbl_add_maintenance_cost` (
  `mcid` int(11) NOT NULL AUTO_INCREMENT,
  `m_title` varchar(200) NOT NULL,
  `m_date` varchar(200) NOT NULL,
  `m_amount` decimal(15,2) NOT NULL DEFAULT '0.00',
  `m_details` varchar(200) NOT NULL,
  `xmonth` int(11) NOT NULL DEFAULT '0',
  `xyear` int(11) NOT NULL DEFAULT '0',
  `branch_id` int(11) NOT NULL,
  `added_date` timestamp NOT NULL DEFAULT CURRENT_TIMESTAMP,
  PRIMARY KEY (`mcid`)
) ENGINE=InnoDB AUTO_INCREMENT=9 DEFAULT CHARSET=utf8;

--
-- Volcado de datos para la tabla `tbl_add_maintenance_cost`
--

INSERT INTO `tbl_add_maintenance_cost` (`mcid`, `m_title`, `m_date`, `m_amount`, `m_details`, `xmonth`, `xyear`, `branch_id`, `added_date`) VALUES(7, 'Light', '27/08/2019', '50.00', 'OK', 8, 11, 8, '2019-08-27 04:39:09');
INSERT INTO `tbl_add_maintenance_cost` (`mcid`, `m_title`, `m_date`, `m_amount`, `m_details`, `xmonth`, `xyear`, `branch_id`, `added_date`) VALUES(8, 'Limpieza de alberca', '01/09/2020', '550.00', 'QuÃ­micos y mantenimiento', 9, 12, 8, '2020-09-14 22:24:02');

-- --------------------------------------------------------

--
-- Estructura de tabla para la tabla `tbl_add_management_committee`
--

DROP TABLE IF EXISTS `tbl_add_management_committee`;
CREATE TABLE IF NOT EXISTS `tbl_add_management_committee` (
  `mc_id` int(11) NOT NULL AUTO_INCREMENT,
  `mc_name` varchar(200) NOT NULL,
  `mc_email` varchar(200) NOT NULL,
  `mc_contact` varchar(200) NOT NULL,
  `mc_pre_address` varchar(500) NOT NULL,
  `mc_per_address` varchar(500) NOT NULL,
  `mc_nid` varchar(200) NOT NULL,
  `member_type` varchar(200) NOT NULL,
  `mc_joining_date` varchar(200) NOT NULL,
  `mc_ending_date` varchar(200) NOT NULL,
  `mc_status` int(1) NOT NULL DEFAULT '0',
  `image` varchar(200) NOT NULL,
  `mc_password` varchar(200) NOT NULL,
  `branch_id` int(11) NOT NULL,
  `added_date` timestamp NOT NULL DEFAULT CURRENT_TIMESTAMP,
  PRIMARY KEY (`mc_id`)
) ENGINE=InnoDB AUTO_INCREMENT=10 DEFAULT CHARSET=utf8;

--
-- Volcado de datos para la tabla `tbl_add_management_committee`
--

INSERT INTO `tbl_add_management_committee` (`mc_id`, `mc_name`, `mc_email`, `mc_contact`, `mc_pre_address`, `mc_per_address`, `mc_nid`, `member_type`, `mc_joining_date`, `mc_ending_date`, `mc_status`, `image`, `mc_password`, `branch_id`, `added_date`) VALUES(9, 'Peter Anderson', 'peter@gmail.com', '121212121', '63 Creek St.\r\nEastpointe, MI 48021', '799 Princess Drive\r\nNorwood, MA 02062', '121212-56565-121212-565656', '1', '27/08/2019', '', 1, '4CF8FD9E-9916-0820-1049-6CD5C211B460.jpg', '123456', 8, '2019-08-27 04:36:10');

-- --------------------------------------------------------

--
-- Estructura de tabla para la tabla `tbl_add_member_type`
--

DROP TABLE IF EXISTS `tbl_add_member_type`;
CREATE TABLE IF NOT EXISTS `tbl_add_member_type` (
  `member_id` int(11) NOT NULL AUTO_INCREMENT,
  `member_type` varchar(200) NOT NULL,
  `added_date` timestamp NOT NULL DEFAULT CURRENT_TIMESTAMP,
  PRIMARY KEY (`member_id`)
) ENGINE=InnoDB AUTO_INCREMENT=8 DEFAULT CHARSET=utf8;

--
-- Volcado de datos para la tabla `tbl_add_member_type`
--

INSERT INTO `tbl_add_member_type` (`member_id`, `member_type`, `added_date`) VALUES(1, 'Moderator', '2016-04-10 11:56:20');
INSERT INTO `tbl_add_member_type` (`member_id`, `member_type`, `added_date`) VALUES(2, 'Secretary General', '2016-04-10 11:59:10');
INSERT INTO `tbl_add_member_type` (`member_id`, `member_type`, `added_date`) VALUES(3, 'Member', '2016-04-10 11:59:22');
INSERT INTO `tbl_add_member_type` (`member_id`, `member_type`, `added_date`) VALUES(4, 'Pion', '2016-04-10 11:59:29');
INSERT INTO `tbl_add_member_type` (`member_id`, `member_type`, `added_date`) VALUES(5, 'Security Gard', '2016-04-10 11:59:41');
INSERT INTO `tbl_add_member_type` (`member_id`, `member_type`, `added_date`) VALUES(6, 'Caretaker', '2016-04-10 12:00:17');
INSERT INTO `tbl_add_member_type` (`member_id`, `member_type`, `added_date`) VALUES(7, 'Maker', '2017-09-16 17:26:52');

-- --------------------------------------------------------

--
-- Estructura de tabla para la tabla `tbl_add_month_setup`
--

DROP TABLE IF EXISTS `tbl_add_month_setup`;
CREATE TABLE IF NOT EXISTS `tbl_add_month_setup` (
  `m_id` int(11) NOT NULL AUTO_INCREMENT,
  `month_name` varchar(200) NOT NULL,
  `added_date` timestamp NOT NULL DEFAULT CURRENT_TIMESTAMP,
  PRIMARY KEY (`m_id`)
) ENGINE=InnoDB AUTO_INCREMENT=13 DEFAULT CHARSET=utf8;

--
-- Volcado de datos para la tabla `tbl_add_month_setup`
--

INSERT INTO `tbl_add_month_setup` (`m_id`, `month_name`, `added_date`) VALUES(1, 'January', '2016-04-11 12:16:15');
INSERT INTO `tbl_add_month_setup` (`m_id`, `month_name`, `added_date`) VALUES(2, 'February', '2016-04-11 12:16:25');
INSERT INTO `tbl_add_month_setup` (`m_id`, `month_name`, `added_date`) VALUES(3, 'March', '2016-04-11 12:16:30');
INSERT INTO `tbl_add_month_setup` (`m_id`, `month_name`, `added_date`) VALUES(4, 'April', '2016-04-11 12:16:36');
INSERT INTO `tbl_add_month_setup` (`m_id`, `month_name`, `added_date`) VALUES(5, 'May', '2016-04-11 12:16:41');
INSERT INTO `tbl_add_month_setup` (`m_id`, `month_name`, `added_date`) VALUES(6, 'June', '2016-04-11 12:16:48');
INSERT INTO `tbl_add_month_setup` (`m_id`, `month_name`, `added_date`) VALUES(7, 'July', '2016-04-11 12:16:53');
INSERT INTO `tbl_add_month_setup` (`m_id`, `month_name`, `added_date`) VALUES(8, 'August', '2016-04-11 12:16:59');
INSERT INTO `tbl_add_month_setup` (`m_id`, `month_name`, `added_date`) VALUES(9, 'September', '2016-04-11 12:17:06');
INSERT INTO `tbl_add_month_setup` (`m_id`, `month_name`, `added_date`) VALUES(10, 'Octobor', '2016-04-11 12:17:14');
INSERT INTO `tbl_add_month_setup` (`m_id`, `month_name`, `added_date`) VALUES(11, 'November', '2016-04-11 12:17:24');
INSERT INTO `tbl_add_month_setup` (`m_id`, `month_name`, `added_date`) VALUES(12, 'December', '2016-04-11 12:17:30');

-- --------------------------------------------------------

--
-- Estructura de tabla para la tabla `tbl_add_owner`
--

DROP TABLE IF EXISTS `tbl_add_owner`;
CREATE TABLE IF NOT EXISTS `tbl_add_owner` (
  `ownid` int(11) NOT NULL AUTO_INCREMENT,
  `o_name` varchar(200) NOT NULL,
  `o_email` varchar(200) NOT NULL,
  `o_contact` varchar(200) NOT NULL,
  `o_pre_address` varchar(500) NOT NULL,
  `o_per_address` varchar(500) NOT NULL,
  `o_nid` varchar(200) NOT NULL,
  `o_password` varchar(100) NOT NULL,
  `image` varchar(200) NOT NULL,
  `branch_id` int(11) NOT NULL,
  `created_date` timestamp NOT NULL DEFAULT CURRENT_TIMESTAMP,
  PRIMARY KEY (`ownid`)
) ENGINE=InnoDB AUTO_INCREMENT=21 DEFAULT CHARSET=utf8;

--
-- Volcado de datos para la tabla `tbl_add_owner`
--

INSERT INTO `tbl_add_owner` (`ownid`, `o_name`, `o_email`, `o_contact`, `o_pre_address`, `o_per_address`, `o_nid`, `o_password`, `image`, `branch_id`, `created_date`) VALUES(19, 'John Peterson', 'john@gmail.com', '+8801679110711', '7790 4th St.\r\nWoodhaven, NY 11421', '8349 Marlborough Dr.\r\nMarlborough, MA 01752', '90909-4343434-1212121', 'MTIzNDU2', 'B616EE89-C1D1-8984-3C2F-2D192CC5699E.png', 8, '2019-08-26 19:02:41');
INSERT INTO `tbl_add_owner` (`ownid`, `o_name`, `o_email`, `o_contact`, `o_pre_address`, `o_per_address`, `o_nid`, `o_password`, `image`, `branch_id`, `created_date`) VALUES(20, 'Juan Antonio Moreno mendoza', 'jjantonio71@gmail.com', '8113463825', 'Messina 5209 santa Cecilia ', 'Lincoln 7189', '123456', 'MTIzNDU=', '', 7, '2020-08-23 00:19:16');

-- --------------------------------------------------------

--
-- Estructura de tabla para la tabla `tbl_add_owner_unit_relation`
--

DROP TABLE IF EXISTS `tbl_add_owner_unit_relation`;
CREATE TABLE IF NOT EXISTS `tbl_add_owner_unit_relation` (
  `owner_id` int(11) NOT NULL,
  `unit_id` int(11) NOT NULL,
  KEY `owner_id` (`owner_id`)
) ENGINE=InnoDB DEFAULT CHARSET=utf8;

--
-- Volcado de datos para la tabla `tbl_add_owner_unit_relation`
--

INSERT INTO `tbl_add_owner_unit_relation` (`owner_id`, `unit_id`) VALUES(19, 30);
INSERT INTO `tbl_add_owner_unit_relation` (`owner_id`, `unit_id`) VALUES(19, 32);

-- --------------------------------------------------------

--
-- Estructura de tabla para la tabla `tbl_add_owner_utility`
--

DROP TABLE IF EXISTS `tbl_add_owner_utility`;
CREATE TABLE IF NOT EXISTS `tbl_add_owner_utility` (
  `owner_utility_id` int(11) NOT NULL AUTO_INCREMENT,
  `floor_no` int(11) NOT NULL,
  `unit_no` int(11) NOT NULL,
  `month_id` int(11) NOT NULL,
  `rent` decimal(15,2) NOT NULL DEFAULT '0.00',
  `water_bill` decimal(15,2) NOT NULL DEFAULT '0.00',
  `electric_bill` decimal(15,2) NOT NULL DEFAULT '0.00',
  `gas_bill` decimal(15,2) NOT NULL DEFAULT '0.00',
  `security_bill` decimal(15,2) NOT NULL DEFAULT '0.00',
  `utility_bill` decimal(15,2) NOT NULL DEFAULT '0.00',
  `other_bill` decimal(15,2) NOT NULL DEFAULT '0.00',
  `total_rent` decimal(15,2) NOT NULL DEFAULT '0.00',
  `issue_date` varchar(200) NOT NULL,
  `branch_id` int(11) NOT NULL,
  `added_date` timestamp NOT NULL DEFAULT CURRENT_TIMESTAMP,
  PRIMARY KEY (`owner_utility_id`)
) ENGINE=InnoDB DEFAULT CHARSET=utf8;

-- --------------------------------------------------------

--
-- Estructura de tabla para la tabla `tbl_add_rent`
--

DROP TABLE IF EXISTS `tbl_add_rent`;
CREATE TABLE IF NOT EXISTS `tbl_add_rent` (
  `rid` int(11) NOT NULL AUTO_INCREMENT,
  `r_name` varchar(200) NOT NULL,
  `r_email` varchar(200) NOT NULL,
  `r_contact` varchar(200) NOT NULL,
  `r_address` varchar(200) CHARACTER SET utf8mb4 COLLATE utf8mb4_spanish2_ci NOT NULL,
  `r_nid` varchar(200) NOT NULL,
  `r_floor_no` varchar(200) NOT NULL,
  `r_unit_no` varchar(200) NOT NULL,
  `r_advance` decimal(15,2) NOT NULL DEFAULT '0.00',
  `r_rent_pm` decimal(15,2) NOT NULL DEFAULT '0.00',
  `r_date` varchar(200) NOT NULL,
  `r_gone_date` varchar(200) DEFAULT NULL,
  `r_password` varchar(100) NOT NULL,
  `image` varchar(200) NOT NULL,
  `r_status` int(1) NOT NULL DEFAULT '1',
  `r_month` int(11) NOT NULL,
  `r_year` int(11) NOT NULL,
  `branch_id` int(11) NOT NULL,
  `added_date` timestamp NOT NULL DEFAULT CURRENT_TIMESTAMP,
  PRIMARY KEY (`rid`),
  UNIQUE KEY `r_email` (`r_email`)
) ENGINE=InnoDB AUTO_INCREMENT=22 DEFAULT CHARSET=utf8;

--
-- Volcado de datos para la tabla `tbl_add_rent`
--

INSERT INTO `tbl_add_rent` (`rid`, `r_name`, `r_email`, `r_contact`, `r_address`, `r_nid`, `r_floor_no`, `r_unit_no`, `r_advance`, `r_rent_pm`, `r_date`, `r_gone_date`, `r_password`, `image`, `r_status`, `r_month`, `r_year`, `branch_id`, `added_date`) VALUES(20, 'Jim Cary', 'jimcary@yahoo.com', '+8801679110711', 'Centro Comercial Parque Cerro Verde', '232323-565656-212121', '12', '30', '10000.00', '10000.00', '27/08/2019', '', 'MTIzNDU2', 'C7A2F0A4-1DCC-E7F1-8D54-14F507D8CA7E.jpg', 1, 9, 11, 8, '2019-08-26 19:33:04');

-- --------------------------------------------------------

--
-- Estructura de tabla para la tabla `tbl_add_unit`
--

DROP TABLE IF EXISTS `tbl_add_unit`;
CREATE TABLE IF NOT EXISTS `tbl_add_unit` (
  `uid` int(11) NOT NULL AUTO_INCREMENT,
  `floor_no` varchar(200) NOT NULL,
  `unit_no` varchar(200) NOT NULL,
  `branch_id` int(11) NOT NULL,
  `status` int(1) NOT NULL DEFAULT '0',
  `added_date` timestamp NOT NULL DEFAULT CURRENT_TIMESTAMP,
  PRIMARY KEY (`uid`)
) ENGINE=InnoDB AUTO_INCREMENT=35 DEFAULT CHARSET=utf8;

--
-- Volcado de datos para la tabla `tbl_add_unit`
--

INSERT INTO `tbl_add_unit` (`uid`, `floor_no`, `unit_no`, `branch_id`, `status`, `added_date`) VALUES(30, '12', 'Flat 1A', 8, 1, '2019-08-26 18:56:56');
INSERT INTO `tbl_add_unit` (`uid`, `floor_no`, `unit_no`, `branch_id`, `status`, `added_date`) VALUES(31, '12', 'Flat 1B', 8, 0, '2019-08-26 18:57:09');
INSERT INTO `tbl_add_unit` (`uid`, `floor_no`, `unit_no`, `branch_id`, `status`, `added_date`) VALUES(32, '13', 'Flat 2A', 8, 0, '2019-08-27 04:07:08');
INSERT INTO `tbl_add_unit` (`uid`, `floor_no`, `unit_no`, `branch_id`, `status`, `added_date`) VALUES(33, '13', 'Flat 2B', 8, 0, '2019-08-27 04:07:35');
INSERT INTO `tbl_add_unit` (`uid`, `floor_no`, `unit_no`, `branch_id`, `status`, `added_date`) VALUES(34, '14', '25', 8, 0, '2020-09-14 22:26:00');

-- --------------------------------------------------------

--
-- Estructura de tabla para la tabla `tbl_add_utility_bill`
--

DROP TABLE IF EXISTS `tbl_add_utility_bill`;
CREATE TABLE IF NOT EXISTS `tbl_add_utility_bill` (
  `utility_id` int(11) NOT NULL AUTO_INCREMENT,
  `branch_id` int(11) NOT NULL DEFAULT '0',
  `gas_bill` varchar(200) NOT NULL,
  `security_bill` varchar(200) NOT NULL,
  `added_date` timestamp NOT NULL DEFAULT CURRENT_TIMESTAMP,
  PRIMARY KEY (`utility_id`)
) ENGINE=InnoDB AUTO_INCREMENT=7 DEFAULT CHARSET=utf8;

--
-- Volcado de datos para la tabla `tbl_add_utility_bill`
--

INSERT INTO `tbl_add_utility_bill` (`utility_id`, `branch_id`, `gas_bill`, `security_bill`, `added_date`) VALUES(5, 7, '850', '800', '2018-05-14 06:31:40');
INSERT INTO `tbl_add_utility_bill` (`utility_id`, `branch_id`, `gas_bill`, `security_bill`, `added_date`) VALUES(6, 8, '800', '900', '2018-05-19 04:25:34');

-- --------------------------------------------------------

--
-- Estructura de tabla para la tabla `tbl_add_year_setup`
--

DROP TABLE IF EXISTS `tbl_add_year_setup`;
CREATE TABLE IF NOT EXISTS `tbl_add_year_setup` (
  `y_id` int(11) NOT NULL AUTO_INCREMENT,
  `xyear` varchar(200) NOT NULL,
  `added_date` timestamp NOT NULL DEFAULT CURRENT_TIMESTAMP,
  PRIMARY KEY (`y_id`)
) ENGINE=InnoDB AUTO_INCREMENT=15 DEFAULT CHARSET=utf8;

--
-- Volcado de datos para la tabla `tbl_add_year_setup`
--

INSERT INTO `tbl_add_year_setup` (`y_id`, `xyear`, `added_date`) VALUES(4, '2012', '2016-04-13 14:02:38');
INSERT INTO `tbl_add_year_setup` (`y_id`, `xyear`, `added_date`) VALUES(5, '2013', '2016-04-13 14:02:42');
INSERT INTO `tbl_add_year_setup` (`y_id`, `xyear`, `added_date`) VALUES(6, '2014', '2016-04-13 14:02:47');
INSERT INTO `tbl_add_year_setup` (`y_id`, `xyear`, `added_date`) VALUES(7, '2015', '2016-04-13 14:02:51');
INSERT INTO `tbl_add_year_setup` (`y_id`, `xyear`, `added_date`) VALUES(8, '2016', '2016-04-13 14:02:56');
INSERT INTO `tbl_add_year_setup` (`y_id`, `xyear`, `added_date`) VALUES(9, '2017', '2016-04-13 14:03:04');
INSERT INTO `tbl_add_year_setup` (`y_id`, `xyear`, `added_date`) VALUES(10, '2018', '2016-04-13 14:03:08');
INSERT INTO `tbl_add_year_setup` (`y_id`, `xyear`, `added_date`) VALUES(11, '2019', '2016-04-13 14:03:12');
INSERT INTO `tbl_add_year_setup` (`y_id`, `xyear`, `added_date`) VALUES(12, '2020', '2016-04-13 14:03:17');
INSERT INTO `tbl_add_year_setup` (`y_id`, `xyear`, `added_date`) VALUES(13, '2021', '2018-04-20 06:12:54');
INSERT INTO `tbl_add_year_setup` (`y_id`, `xyear`, `added_date`) VALUES(14, '2021', '2018-05-18 14:13:10');

-- --------------------------------------------------------

--
-- Estructura de tabla para la tabla `tbl_currency`
--

DROP TABLE IF EXISTS `tbl_currency`;
CREATE TABLE IF NOT EXISTS `tbl_currency` (
  `cid` int(11) NOT NULL AUTO_INCREMENT,
  `symbol` varchar(5) NOT NULL,
  `name` varchar(100) NOT NULL,
  PRIMARY KEY (`cid`)
) ENGINE=InnoDB AUTO_INCREMENT=12 DEFAULT CHARSET=utf8;

--
-- Volcado de datos para la tabla `tbl_currency`
--

INSERT INTO `tbl_currency` (`cid`, `symbol`, `name`) VALUES(1, 'Â£', 'Pound');
INSERT INTO `tbl_currency` (`cid`, `symbol`, `name`) VALUES(2, '$', 'Dollar');
INSERT INTO `tbl_currency` (`cid`, `symbol`, `name`) VALUES(3, 'â‚¨', 'Rupee');
INSERT INTO `tbl_currency` (`cid`, `symbol`, `name`) VALUES(5, 'â‚¦', 'Naira');
INSERT INTO `tbl_currency` (`cid`, `symbol`, `name`) VALUES(6, 'â‚¬', 'Euro');
INSERT INTO `tbl_currency` (`cid`, `symbol`, `name`) VALUES(7, 'Br', 'Belarussian Ruble');
INSERT INTO `tbl_currency` (`cid`, `symbol`, `name`) VALUES(8, 'à§³', 'Taka');
INSERT INTO `tbl_currency` (`cid`, `symbol`, `name`) VALUES(9, 'kr', 'Swedish Krona');
INSERT INTO `tbl_currency` (`cid`, `symbol`, `name`) VALUES(10, 'â‚±', 'Philippine Peso');
INSERT INTO `tbl_currency` (`cid`, `symbol`, `name`) VALUES(11, 'Â¥', 'Yuan');

-- --------------------------------------------------------

--
-- Estructura de tabla para la tabla `tbl_employee_leave_request`
--

DROP TABLE IF EXISTS `tbl_employee_leave_request`;
CREATE TABLE IF NOT EXISTS `tbl_employee_leave_request` (
  `leave_id` int(11) NOT NULL AUTO_INCREMENT,
  `employee_id` int(11) NOT NULL,
  `branch_id` int(11) NOT NULL,
  `from` date NOT NULL,
  `to` date NOT NULL,
  `leave_text` varchar(5000) NOT NULL,
  `request_status` varchar(50) NOT NULL DEFAULT 'Pending',
  `request_date` timestamp NOT NULL DEFAULT CURRENT_TIMESTAMP,
  PRIMARY KEY (`leave_id`)
) ENGINE=InnoDB DEFAULT CHARSET=utf8;

-- --------------------------------------------------------

--
-- Estructura de tabla para la tabla `tbl_employee_notice`
--

DROP TABLE IF EXISTS `tbl_employee_notice`;
CREATE TABLE IF NOT EXISTS `tbl_employee_notice` (
  `notice_id` int(11) NOT NULL AUTO_INCREMENT,
  `notice_title` varchar(500) NOT NULL,
  `notice_description` text NOT NULL,
  `notice_status` tinyint(4) NOT NULL,
  `branch_id` int(11) NOT NULL,
  `created_date` date NOT NULL,
  PRIMARY KEY (`notice_id`)
) ENGINE=InnoDB DEFAULT CHARSET=utf8;

-- --------------------------------------------------------

--
-- Estructura de tabla para la tabla `tbl_max_power`
--

DROP TABLE IF EXISTS `tbl_max_power`;
CREATE TABLE IF NOT EXISTS `tbl_max_power` (
  `purchase_code` varchar(150) DEFAULT NULL,
  `website_url` varchar(150) DEFAULT NULL,
  `email` varchar(100) DEFAULT NULL,
  `installed_date` timestamp NOT NULL DEFAULT CURRENT_TIMESTAMP,
  `last_check_date` timestamp NULL DEFAULT CURRENT_TIMESTAMP
) ENGINE=InnoDB DEFAULT CHARSET=utf8;

--
-- Volcado de datos para la tabla `tbl_max_power`
--

INSERT INTO `tbl_max_power` (`purchase_code`, `website_url`, `email`, `installed_date`, `last_check_date`) VALUES('e1e39a9a-fbf0-401c-8e01-41f9f458b83d', 'http://localhost/ams/', 'karolinathompson@gmail.com', '2020-04-22 00:35:05', '2020-04-22 00:35:05');

-- --------------------------------------------------------

--
-- Estructura de tabla para la tabla `tbl_meeting`
--

DROP TABLE IF EXISTS `tbl_meeting`;
CREATE TABLE IF NOT EXISTS `tbl_meeting` (
  `meeting_id` int(11) NOT NULL AUTO_INCREMENT,
  `meeting_title` varchar(300) DEFAULT NULL,
  `meeting_description` text,
  `issue_date` date DEFAULT NULL,
  `branch_id` int(11) DEFAULT NULL,
  `id_rent` int(11) DEFAULT NULL,
  `event_type` enum('INDIVIDUAL','EVENTO','INVITACION') NOT NULL DEFAULT 'INDIVIDUAL',
  `visitor_name` varchar(100) DEFAULT NULL,
  `visitor_email` varchar(50) DEFAULT NULL,
  `visitor_phone` varchar(50) DEFAULT NULL,
  `visitor_frequent` tinyint(1) DEFAULT '0',
  `event_name` varchar(50) DEFAULT NULL,
  `event_visitors` int(11) DEFAULT NULL,
  `start_date` datetime DEFAULT NULL,
  `end_date` datetime DEFAULT NULL,
  `activated` tinyint(1) NOT NULL DEFAULT '1',
  `deleted` tinyint(1) NOT NULL DEFAULT '0',
  PRIMARY KEY (`meeting_id`)
) ENGINE=InnoDB AUTO_INCREMENT=30 DEFAULT CHARSET=utf8;

--
-- Volcado de datos para la tabla `tbl_meeting`
--

INSERT INTO `tbl_meeting` (`meeting_id`, `meeting_title`, `meeting_description`, `issue_date`, `branch_id`, `id_rent`, `event_type`, `visitor_name`, `visitor_email`, `visitor_phone`, `visitor_frequent`, `event_name`, `event_visitors`, `start_date`, `end_date`, `activated`, `deleted`) VALUES(6, 'Water Problem', '<p><strong>We need to solve water problem soon.</strong></p>\r\n', '2019-08-27', 8, NULL, 'INDIVIDUAL', NULL, NULL, NULL, 0, NULL, NULL, NULL, NULL, 1, 0);
INSERT INTO `tbl_meeting` (`meeting_id`, `meeting_title`, `meeting_description`, `issue_date`, `branch_id`, `id_rent`, `event_type`, `visitor_name`, `visitor_email`, `visitor_phone`, `visitor_frequent`, `event_name`, `event_visitors`, `start_date`, `end_date`, `activated`, `deleted`) VALUES(22, NULL, NULL, NULL, 8, 20, 'INDIVIDUAL', 'Kelvin', 'hpcompaq2004@gmail.com', '+584241525716', 1, NULL, NULL, '2020-10-16 16:45:00', '2020-10-16 16:45:00', 1, 0);
INSERT INTO `tbl_meeting` (`meeting_id`, `meeting_title`, `meeting_description`, `issue_date`, `branch_id`, `id_rent`, `event_type`, `visitor_name`, `visitor_email`, `visitor_phone`, `visitor_frequent`, `event_name`, `event_visitors`, `start_date`, `end_date`, `activated`, `deleted`) VALUES(23, NULL, NULL, NULL, 8, 20, 'INDIVIDUAL', 'Kelvin', 'hpcompaq2004@gmail.com', '+584241525716', 1, NULL, NULL, '2020-10-31 02:40:00', '2020-10-31 02:40:00', 1, 0);
INSERT INTO `tbl_meeting` (`meeting_id`, `meeting_title`, `meeting_description`, `issue_date`, `branch_id`, `id_rent`, `event_type`, `visitor_name`, `visitor_email`, `visitor_phone`, `visitor_frequent`, `event_name`, `event_visitors`, `start_date`, `end_date`, `activated`, `deleted`) VALUES(24, NULL, NULL, NULL, 8, 20, 'INDIVIDUAL', 'randy', 'randyigualguana@gmail.com', '3194405016', 1, NULL, NULL, '2020-10-21 03:26:00', '2020-10-21 03:26:00', 1, 0);
INSERT INTO `tbl_meeting` (`meeting_id`, `meeting_title`, `meeting_description`, `issue_date`, `branch_id`, `id_rent`, `event_type`, `visitor_name`, `visitor_email`, `visitor_phone`, `visitor_frequent`, `event_name`, `event_visitors`, `start_date`, `end_date`, `activated`, `deleted`) VALUES(25, NULL, NULL, NULL, 8, 20, 'INDIVIDUAL', 'Prueba', 'docreativa5@gmail.com', '8110329916', 1, NULL, NULL, '2020-10-19 15:02:00', '2020-10-21 15:02:00', 1, 0);
INSERT INTO `tbl_meeting` (`meeting_id`, `meeting_title`, `meeting_description`, `issue_date`, `branch_id`, `id_rent`, `event_type`, `visitor_name`, `visitor_email`, `visitor_phone`, `visitor_frequent`, `event_name`, `event_visitors`, `start_date`, `end_date`, `activated`, `deleted`) VALUES(26, NULL, NULL, NULL, 8, 20, 'INDIVIDUAL', 'Hhhh', 'ggggg@gmail.com', '34566uuuu', 0, NULL, NULL, '2020-10-19 16:04:00', '2020-10-19 16:04:00', 1, 0);
INSERT INTO `tbl_meeting` (`meeting_id`, `meeting_title`, `meeting_description`, `issue_date`, `branch_id`, `id_rent`, `event_type`, `visitor_name`, `visitor_email`, `visitor_phone`, `visitor_frequent`, `event_name`, `event_visitors`, `start_date`, `end_date`, `activated`, `deleted`) VALUES(27, NULL, NULL, NULL, 8, 20, 'INDIVIDUAL', 'Juan', 'jjantonio71@gmail.com', '81245779', 0, NULL, NULL, '2020-10-19 19:31:00', '2020-10-19 20:31:00', 1, 0);
INSERT INTO `tbl_meeting` (`meeting_id`, `meeting_title`, `meeting_description`, `issue_date`, `branch_id`, `id_rent`, `event_type`, `visitor_name`, `visitor_email`, `visitor_phone`, `visitor_frequent`, `event_name`, `event_visitors`, `start_date`, `end_date`, `activated`, `deleted`) VALUES(28, NULL, NULL, NULL, 8, 20, 'INDIVIDUAL', 'Kelvin', 'hpcompaq2004@gmail.com', '+584241525716', 0, NULL, NULL, '2020-10-20 12:15:00', '2020-10-20 12:15:00', 1, 0);
INSERT INTO `tbl_meeting` (`meeting_id`, `meeting_title`, `meeting_description`, `issue_date`, `branch_id`, `id_rent`, `event_type`, `visitor_name`, `visitor_email`, `visitor_phone`, `visitor_frequent`, `event_name`, `event_visitors`, `start_date`, `end_date`, `activated`, `deleted`) VALUES(29, NULL, NULL, NULL, 8, 20, 'EVENTO', NULL, NULL, NULL, 0, 'Prueba', 5, '2020-10-20 12:15:00', '2020-10-20 12:15:00', 1, 0);

-- --------------------------------------------------------

--
-- Estructura de tabla para la tabla `tbl_notice_board`
--

DROP TABLE IF EXISTS `tbl_notice_board`;
CREATE TABLE IF NOT EXISTS `tbl_notice_board` (
  `notice_id` int(11) NOT NULL AUTO_INCREMENT,
  `notice_title` varchar(500) NOT NULL,
  `notice_description` text NOT NULL,
  `notice_status` tinyint(1) NOT NULL DEFAULT '1',
  `branch_id` int(11) NOT NULL,
  `created_date` date NOT NULL,
  PRIMARY KEY (`notice_id`)
) ENGINE=InnoDB AUTO_INCREMENT=8 DEFAULT CHARSET=utf8;

--
-- Volcado de datos para la tabla `tbl_notice_board`
--

INSERT INTO `tbl_notice_board` (`notice_id`, `notice_title`, `notice_description`, `notice_status`, `branch_id`, `created_date`) VALUES(7, 'Building In and Out', '<p>asasas</p>\r\n', 1, 8, '2019-08-27');

-- --------------------------------------------------------

--
-- Estructura de tabla para la tabla `tbl_notification_alert`
--

DROP TABLE IF EXISTS `tbl_notification_alert`;
CREATE TABLE IF NOT EXISTS `tbl_notification_alert` (
  `notification_Id` int(11) NOT NULL AUTO_INCREMENT,
  `subject` varchar(250) NOT NULL,
  `message` varchar(5000) NOT NULL,
  `type` int(11) DEFAULT NULL COMMENT '1=sms,2=email,3=both',
  `user_details` varchar(5000) NOT NULL,
  `branch_id` int(11) DEFAULT NULL,
  `sent_date` timestamp NOT NULL DEFAULT CURRENT_TIMESTAMP,
  PRIMARY KEY (`notification_Id`)
) ENGINE=InnoDB DEFAULT CHARSET=utf8;

-- --------------------------------------------------------

--
-- Estructura de tabla para la tabla `tbl_owner_notice_board`
--

DROP TABLE IF EXISTS `tbl_owner_notice_board`;
CREATE TABLE IF NOT EXISTS `tbl_owner_notice_board` (
  `notice_id` int(11) NOT NULL AUTO_INCREMENT,
  `notice_title` varchar(500) NOT NULL,
  `notice_description` text NOT NULL,
  `notice_status` tinyint(1) NOT NULL DEFAULT '1',
  `branch_id` int(11) NOT NULL,
  `created_date` date NOT NULL,
  PRIMARY KEY (`notice_id`)
) ENGINE=InnoDB DEFAULT CHARSET=utf8;

-- --------------------------------------------------------

--
-- Estructura de tabla para la tabla `tbl_settings`
--

DROP TABLE IF EXISTS `tbl_settings`;
CREATE TABLE IF NOT EXISTS `tbl_settings` (
  `lang_code` varchar(100) CHARACTER SET utf8 NOT NULL,
  `currency` varchar(20) CHARACTER SET utf8 NOT NULL,
  `currency_seperator` varchar(5) CHARACTER SET utf8 NOT NULL,
  `currency_position` varchar(10) CHARACTER SET utf8 NOT NULL,
  `currency_decimal` int(11) NOT NULL DEFAULT '2',
  `mail_protocol` varchar(20) CHARACTER SET utf8 NOT NULL DEFAULT 'mail',
  `super_admin_image` varchar(350) CHARACTER SET utf8 NOT NULL,
  `date_format` varchar(20) CHARACTER SET utf8 DEFAULT NULL,
  `smtp_hostname` varchar(250) DEFAULT NULL,
  `smtp_username` varchar(250) DEFAULT NULL,
  `smtp_password` varchar(250) DEFAULT NULL,
  `smtp_port` varchar(10) DEFAULT NULL,
  `smtp_secure` varchar(10) DEFAULT NULL,
  `cat_username` varchar(50) DEFAULT NULL,
  `cat_password` varchar(100) DEFAULT NULL,
  `cat_apikey` varchar(100) DEFAULT NULL
) ENGINE=InnoDB DEFAULT CHARSET=latin1;

--
-- Volcado de datos para la tabla `tbl_settings`
--

INSERT INTO `tbl_settings` (`lang_code`, `currency`, `currency_seperator`, `currency_position`, `currency_decimal`, `mail_protocol`, `super_admin_image`, `date_format`, `smtp_hostname`, `smtp_username`, `smtp_password`, `smtp_port`, `smtp_secure`, `cat_username`, `cat_password`, `cat_apikey`) VALUES('Spanish', '$', '.', 'left', 2, 'smtp', 'CA8D0636-E7DD-542A-8775-7CC2DA9C7739.jpg', NULL, 'smtp.zoho.com', 'demo@iposint.com', '*MLhiK$^$%zSSNMJx*vv', '587', 'tls', '', '', '');

-- --------------------------------------------------------

--
-- Estructura de tabla para la tabla `tbl_visitor`
--

DROP TABLE IF EXISTS `tbl_visitor`;
CREATE TABLE IF NOT EXISTS `tbl_visitor` (
  `vid` int(11) NOT NULL AUTO_INCREMENT,
  `issue_date` varchar(100) CHARACTER SET utf8 NOT NULL,
  `name` varchar(200) CHARACTER SET utf8 NOT NULL,
  `mobile` varchar(100) CHARACTER SET utf8 NOT NULL,
  `address` varchar(500) CHARACTER SET utf8 NOT NULL,
  `floor_id` int(11) NOT NULL,
  `unit_id` int(11) NOT NULL,
  `intime` varchar(50) CHARACTER SET utf8 NOT NULL,
  `outtime` varchar(50) CHARACTER SET utf8 NOT NULL,
  `xmonth` varchar(50) CHARACTER SET utf8 NOT NULL,
  `xyear` varchar(50) CHARACTER SET utf8 NOT NULL,
  `branch_id` int(11) NOT NULL,
  `added_date` timestamp NOT NULL DEFAULT CURRENT_TIMESTAMP,
  PRIMARY KEY (`vid`)
) ENGINE=InnoDB AUTO_INCREMENT=19 DEFAULT CHARSET=latin1;

--
-- Volcado de datos para la tabla `tbl_visitor`
--

INSERT INTO `tbl_visitor` (`vid`, `issue_date`, `name`, `mobile`, `address`, `floor_id`, `unit_id`, `intime`, `outtime`, `xmonth`, `xyear`, `branch_id`, `added_date`) VALUES(17, '27/08/2019', 'Kalvin Peter', '1212121212', '799 Princess Drive\r\nNorwood, MA 02062', 12, 30, '12:50 PM', '05:50 PM', '8', '2019', 8, '2019-08-27 04:40:22');
INSERT INTO `tbl_visitor` (`vid`, `issue_date`, `name`, `mobile`, `address`, `floor_id`, `unit_id`, `intime`, `outtime`, `xmonth`, `xyear`, `branch_id`, `added_date`) VALUES(18, '02/06/2020', 'Guide', '4243428436', 'prueba', 12, 30, '2', '2', '6', '2020', 8, '2020-06-02 17:26:49');
COMMIT;

/*!40101 SET CHARACTER_SET_CLIENT=@OLD_CHARACTER_SET_CLIENT */;
/*!40101 SET CHARACTER_SET_RESULTS=@OLD_CHARACTER_SET_RESULTS */;
/*!40101 SET COLLATION_CONNECTION=@OLD_COLLATION_CONNECTION */;
